Species_name,Lat,Lon
Anolis punctatus,-14.8167,-39.0333
Anolis punctatus,-15.15,-39.5167
Anolis punctatus,-15.4445,-39.5192
Anolis punctatus,-19.1516,-40.065
Anolis punctatus,-19.4344,-40.0714
Anolis punctatus,-20.2811,-40.5219
Anolis punctatus,-20.9803,-41.7114
Anolis punctatus,-19.6844,-42.5254
Anolis punctatus,-22.4506,-42.6611
Anolis punctatus,-22.9392,-43.2347
Anolis punctatus,-20.3292,-43.3316
Anolis punctatus,-22.4,-43.5833
Anolis punctatus,-23.7839,-46.0033
Bothrops jararaca,-20.3058,-40.3069
Bothrops jararaca,-19.9364,-40.5822
Bothrops jararaca,-20.3664,-40.6681
Bothrops jararaca,-20.0333,-40.7333
Bothrops jararaca,-22.7511,-41.8833
Bothrops jararaca,-21.9581,-42.0272
Bothrops jararaca,-20.3842,-42.1492
Bothrops jararaca,-20.7994,-42.2667
Bothrops jararaca,-20.1672,-42.2678
Bothrops jararaca,-21.55,-42.2844
Bothrops jararaca,-22.035,-42.3636
Bothrops jararaca,-22.2636,-42.5275
Bothrops jararaca,-22.4872,-42.6525
Bothrops jararaca,-22.9164,-42.8181
Bothrops jararaca,-22.0075,-42.9178
Bothrops jararaca,-22.4158,-42.975
Bothrops jararaca,-22.6606,-43.0397
Bothrops jararaca,-22.8353,-43.0728
Bothrops jararaca,-19.8358,-43.1567
Bothrops jararaca,-22.5203,-43.1856
Bothrops jararaca,-22.1158,-43.2081
Bothrops jararaca,-22.1603,-43.2925
Bothrops jararaca,-21.7531,-43.3553
Bothrops jararaca,-19.9728,-43.4108
Bothrops jararaca,-20.8492,-43.4847
Bothrops jararaca,-22.4103,-43.6678
Bothrops jararaca,-22.5528,-43.6828
Bothrops jararaca,-20.7831,-43.6842
Bothrops jararaca,-22.2456,-43.7044
Bothrops jararaca,-22.4711,-43.8253
Bothrops jararaca,-22.1672,-44.4017
Bothrops jararaca,-23.4525,-45.0761
Bothrops jararaca,-22.7994,-45.4508
Bothrops jararaca,-19.2172,-45.9664
Bothrops jararaca,-18.5892,-46.5133
Bothrops jararaca,-23.7125,-46.5442
Bothrops jararaca,-23.1239,-46.5569
Bothrops jararaca,-23.5336,-46.6283
Bothrops jararaca,-22.6653,-46.6842
Bothrops jararaca,-23.4131,-46.7467
Bothrops jararaca,-23.6031,-46.7689
Bothrops jararaca,-23.5197,-46.8033
Bothrops jararaca,-23.1994,-46.8733
Bothrops jararaca,-23.4497,-46.9181
Bothrops jararaca,-22.9742,-46.9911
Bothrops jararaca,-23.6825,-47.0333
Bothrops jararaca,-23.95,-47.0511
Bothrops jararaca,-23.4333,-47.0692
Bothrops jararaca,-23.6506,-47.2183
Bothrops jararaca,-23.7122,-47.4114
Bothrops jararaca,-23.9514,-47.4831
Bothrops jararaca,-23.2119,-47.5206
Bothrops jararaca,-24.1867,-48.5378
Bothrops jararaca,-25.4525,-49.0647
Bothrops jararaca,-26.9181,-49.0967
Bothrops jararaca,-26.4836,-49.0972
Bothrops jararaca,-26.7544,-49.1739
Bothrops jararaca,-25.5775,-49.1789
Bothrops jararaca,-26.4464,-49.2203
Bothrops jararaca,-25.4306,-49.2842
Bothrops jararaca,-26.2183,-49.41
Bothrops jararaca,-23.0333,-49.7172
Bothrops jararaca,-25.7647,-49.7311
Bothrops jararaca,-23.1678,-49.7333
Bothrops jararaca,-29.3497,-49.8492
Bothrops jararaca,-28.8214,-49.8625
Bothrops jararaca,-27.0556,-50.0594
Bothrops jararaca,-29.5833,-50.0683
Bothrops jararaca,-26.1811,-50.3939
Bothrops jararaca,-28.6994,-50.4008
Bothrops jararaca,-29.4431,-50.5792
Bothrops jararaca,-24.3375,-50.6172
Bothrops jararaca,-28.9331,-50.6547
Bothrops jararaca,-29.5792,-50.7939
Bothrops jararaca,-29.3633,-50.8094
Bothrops jararaca,-26.2333,-51.0675
Bothrops jararaca,-29.5325,-51.0836
Bothrops jararaca,-30.0397,-51.2169
Bothrops jararaca,-29.4511,-51.5167
Bothrops jararaca,-28.9386,-51.5486
Bothrops jararaca,-28.7844,-51.6014
Bothrops jararaca,-27.1167,-51.6169
Bothrops jararaca,-23.2394,-51.6647
Bothrops jararaca,-27.5736,-51.6667
Bothrops jararaca,-27.4197,-51.8025
Bothrops jararaca,-28.9839,-52.0183
Bothrops jararaca,-24.9672,-53.4522
Bothrops jararaca,-30.0394,-53.8961
Bothrops jararaca,-27.6506,-54.4497
Brachycephalus,-24.3925,-48.6256
Brachycephalus,-25.6248,-48.6907
Brachycephalus,-25.2664,-48.8378
Brachycephalus,-25.6111,-48.8561
Brachycephalus,-25.3408,-48.9086
Brachycephalus,-25.4508,-48.9164
Brachycephalus,-26.0058,-48.9236
Brachycephalus,-26.7997,-48.9303
Brachycephalus,-26.2122,-48.958
Brachycephalus,-25.5153,-48.9821
Brachycephalus,-25.9016,-48.9957
Brachycephalus,-25.3886,-49.0042
Brachycephalus,-26.2331,-49.0533
Brachycephalus,-26.1142,-49.0622
Brachycephalus,-25.5162,-49.6701
BrachycephalusB,-20.4733,-41.01
BrachycephalusB,-20.5281,-41.1142
BrachycephalusB,-22.3603,-42.2972
BrachycephalusB,-22.4511,-43.0011
BrachycephalusB,-22.4731,-43.2439
BrachycephalusB,-22.9322,-43.4433
BrachycephalusB,-22.4864,-43.605
BrachycephalusB,-22.8336,-44.1922
BrachycephalusB,-22.4564,-44.6094
BrachycephalusB,-23.3119,-44.7803
BrachycephalusB,-23.1772,-44.7886
BrachycephalusB,-23.3917,-45.0736
BrachycephalusB,-23.3444,-45.1375
BrachycephalusB,-23.4556,-45.1969
BrachycephalusB,-23.8719,-45.3486
BrachycephalusB,-22.8656,-45.5278
BrachycephalusB,-23.6333,-45.8667
BrachycephalusB,-22.8956,-45.9678
BrachycephalusB,-23.1819,-46.5167
BrachycephalusB,-23.4536,-46.6364
BrachycephalusB,-23.7864,-46.6458
BrachycephalusB,-22.8983,-46.8169
BrachycephalusB,-22.2367,-46.9433
BrachycephalusB,-23.7022,-46.9728
Chiasmocleis carvalhoi,-16.5366,-39.1247
Chiasmocleis carvalhoi,-18.3553,-39.8442
Chiasmocleis carvalhoi,-19.1606,-39.9928
Chiasmocleis carvalhoi,-20.1025,-40.1833
Chiasmocleis carvalhoi,-20.2811,-40.5219
Chiasmocleis carvalhoi,-20.9823,-41.0194
Chiasmocleis carvalhoi,-21.21,-41.2814
Chiasmocleis carvalhoi,-22.4457,-42.7641
Chiasmocleis carvalhoi,-22.5994,-43.2385
Chiasmocleis carvalhoi,-23.3667,-44.8333
Coleodactylus meridionalis,-7.75,-34.85
Coleodactylus meridionalis,-7.117,-34.867
Coleodactylus meridionalis,-7.8706,-35.0749
Coleodactylus meridionalis,-8.668,-35.1417
Coleodactylus meridionalis,-6.7209,-35.1792
Coleodactylus meridionalis,-5.7221,-35.2223
Coleodactylus meridionalis,-7.667,-35.33
Coleodactylus meridionalis,-7.5043,-35.3359
Coleodactylus meridionalis,-7.252,-35.384
Coleodactylus meridionalis,-9.233,-35.483
Coleodactylus meridionalis,-8.7,-35.517
Coleodactylus meridionalis,-6.9675,-35.7038
Coleodactylus meridionalis,-9.5656,-35.8039
Coleodactylus meridionalis,-9.2639,-35.9303
Coleodactylus meridionalis,-9.58,-35.955
Coleodactylus meridionalis,-8.2883,-35.9639
Coleodactylus meridionalis,-9.783,-36.083
Coleodactylus meridionalis,-10.651,-36.9072
Coleodactylus meridionalis,-11.5201,-37.5181
Coleodactylus meridionalis,-11.3155,-37.5314
Coleodactylus meridionalis,-9.645,-37.767
Coleodactylus meridionalis,-12.5691,-38.0062
Coleodactylus meridionalis,-8.633,-38.0333
Coleodactylus meridionalis,-12.637,-38.129
Coleodactylus meridionalis,-12.75,-38.167
Coleodactylus meridionalis,-12.9713,-38.4489
Coleodactylus meridionalis,-12.4113,-38.479
Coleodactylus meridionalis,-8.5167,-38.75
Coleodactylus meridionalis,-12.8591,-38.8634
Coleodactylus meridionalis,-4.2303,-38.9172
Coleodactylus meridionalis,-15.683,-38.933
Coleodactylus meridionalis,-13.0445,-38.9354
Coleodactylus meridionalis,-14.95,-39.016
Coleodactylus meridionalis,-15.2814,-39.0164
Coleodactylus meridionalis,-14.263,-39.033
Coleodactylus meridionalis,-14.4152,-39.0704
Coleodactylus meridionalis,-13.3614,-39.0839
Coleodactylus meridionalis,-7.3491,-39.0892
Coleodactylus meridionalis,-14.0248,-39.1552
Coleodactylus meridionalis,-14.5833,-39.2833
Coleodactylus meridionalis,-12.9704,-39.3927
Coleodactylus meridionalis,-16.9723,-39.4686
Coleodactylus meridionalis,-13.9044,-39.614
Coleodactylus meridionalis,-13.5806,-39.7047
Coleodactylus meridionalis,-7.512,-39.724
Coleodactylus meridionalis,-14.8387,-40.4775
Coleodactylus meridionalis,-11.3676,-40.5207
Coleodactylus meridionalis,-11.9212,-41.0825
Coleodactylus meridionalis,-11.592,-41.2085
Coleodactylus meridionalis,-12.7646,-41.3237
Coleodactylus meridionalis,-9.483,-41.35
Coleodactylus meridionalis,-12.6019,-41.3597
Coleodactylus meridionalis,-11.3544,-41.9045
Coleodactylus meridionalis,-11.0333,-42.1167
Coleodactylus meridionalis,-4.769,-42.567
Coleodactylus meridionalis,-2.7576,-42.8556
Coleodactylus meridionalis,-10.7158,-43.6562
Coleodactylus meridionalis,-12.3265,-44.9752
Coleodactylus meridionalis,-7.351,-46.536
Coleodactylus meridionalis,-3.074,-47.334
Coleodactylus meridionalis,-6.733,-47.436
Coleodactylus meridionalis,-7.286,-47.49
Coleodactylus meridionalis,-6.67,-47.53
Coleodactylus meridionalis,-2.622,-48.013
Coleodactylus meridionalis,-9.731,-48.3867
Colobodactylus taunayi,-23.6745,-46.9601
Colobodactylus taunayi,-23.95,-47.02
Colobodactylus taunayi,-23.6833,-47.0333
Colobodactylus taunayi,-23.9514,-47.4831
Colobodactylus taunayi,-23.42,-47.61
Colobodactylus taunayi,-25.02,-47.95
Colobodactylus taunayi,-24.1883,-48.3583
Colobodactylus taunayi,-24.65,-48.4022
Colobodactylus taunayi,-23.7513,-48.5749
Colobodactylus taunayi,-23.9327,-49.7994
Dendropsophus elegans,-7.5031,-35.314
Dendropsophus elegans,-8.7389,-35.7932
Dendropsophus elegans,-8.2667,-35.9667
Dendropsophus elegans,-10.1335,-36.1761
Dendropsophus elegans,-9.7795,-36.3503
Dendropsophus elegans,-10.685,-37.4253
Dendropsophus elegans,-12.5309,-38.2999
Dendropsophus elegans,-14.9377,-39.0232
Dendropsophus elegans,-14.8015,-39.0365
Dendropsophus elegans,-13.374,-39.0676
Dendropsophus elegans,-16.5846,-39.0929
Dendropsophus elegans,-13.7325,-39.1505
Dendropsophus elegans,-17.3326,-39.2308
Dendropsophus elegans,-14.5868,-39.2914
Dendropsophus elegans,-14.3608,-39.4086
Dendropsophus elegans,-15.2593,-39.4123
Dendropsophus elegans,-15.1694,-39.4882
Dendropsophus elegans,-15.4145,-39.5012
Dendropsophus elegans,-18.3553,-39.8417
Dendropsophus elegans,-19.1098,-39.9925
Dendropsophus elegans,-19.3909,-40.0715
Dendropsophus elegans,-19.1969,-40.0978
Dendropsophus elegans,-19.0235,-40.1184
Dendropsophus elegans,-20.1025,-40.1833
Dendropsophus elegans,-19.8196,-40.2743
Dendropsophus elegans,-20.3893,-40.4948
Dendropsophus elegans,-20.2811,-40.5219
Dendropsophus elegans,-19.9361,-40.6006
Dendropsophus elegans,-20.3633,-40.6592
Dendropsophus elegans,-21.0664,-41.3684
Dendropsophus elegans,-20.5,-41.6667
Dendropsophus elegans,-20.7166,-42.15
Dendropsophus elegans,-20.7269,-42.2796
Dendropsophus elegans,-20.6,-42.4
Dendropsophus elegans,-22.6567,-43.0398
Dendropsophus elegans,-22.505,-43.1786
Dendropsophus elegans,-22.7868,-43.3131
Dendropsophus elegans,-20.3779,-43.4166
Dendropsophus elegans,-22.905,-44.3284
Dendropsophus elegans,-23.434,-45.086
Dendropsophus elegans,-22.9236,-45.4598
Dendropsophus elegans,-23.7571,-45.7624
Dendropsophus elegans,-23.8553,-46.1394
Dendropsophus elegans,-23.54,-46.63
Dendropsophus elegans,-24.2946,-47.1733
Dendropsophus elegans,-24.6975,-47.571
Dendropsophus elegans,-24.7102,-47.884
Dendropsophus elegans,-25.0244,-47.9323
Dendropsophus elegans,-24.58,-48.59
Dendropsophus elegans,-25.4286,-48.7119
Dendropsophus elegans,-25.479,-48.8317
Enyalius catenatus,-7.6047,-35.3801
Enyalius catenatus,-8.7,-35.5167
Enyalius catenatus,-8.9817,-35.9074
Enyalius catenatus,-8.9845,-36.034
Enyalius catenatus,-12.5035,-38.0375
Enyalius catenatus,-12.3783,-38.3778
Enyalius catenatus,-12.7847,-38.4042
Enyalius catenatus,-14.2844,-39.0061
Enyalius catenatus,-13.1819,-39.0073
Enyalius catenatus,-14.7833,-39.0333
Enyalius catenatus,-15.1678,-39.0639
Enyalius catenatus,-16.45,-39.0647
Enyalius catenatus,-14.4167,-39.0667
Enyalius catenatus,-15.2225,-39.1651
Enyalius catenatus,-13.3509,-39.1674
Enyalius catenatus,-17.0485,-39.1749
Enyalius catenatus,-14.5833,-39.2667
Enyalius catenatus,-15.55,-39.2833
Enyalius catenatus,-15.0833,-39.35
Enyalius catenatus,-12.8999,-39.4827
Enyalius catenatus,-15.132,-39.4974
Enyalius catenatus,-15.4445,-39.5192
Enyalius catenatus,-13.0374,-39.6342
Enyalius catenatus,-13.5686,-39.6897
Enyalius catenatus,-11.3692,-40.5196
Enyalius catenatus,-11.7617,-40.5825
Enyalius catenatus,-11.55,-40.8383
Enyalius catenatus,-12.6019,-41.3597
Enyalius catenatus,-20.4808,-41.9823
Gymnodactylus darwinii,-7.7833,-35.2
Gymnodactylus darwinii,-9.65,-35.7333
Gymnodactylus darwinii,-12.5667,-38
Gymnodactylus darwinii,-12.5333,-38.3
Gymnodactylus darwinii,-14.7833,-39.0333
Gymnodactylus darwinii,-16.4333,-39.05
Gymnodactylus darwinii,-15.2833,-39.0667
Gymnodactylus darwinii,-19.6333,-39.8167
Gymnodactylus darwinii,-23.3333,-44.75
Gymnodactylus darwinii,-23.5667,-45.15
Gymnodactylus darwinii,-23.75,-45.4
Heterodactylus imbricatus,-20.2811,-40.5219
Heterodactylus imbricatus,-20.2811,-40.5219
Heterodactylus imbricatus,-13.0519,-41.4835
Heterodactylus imbricatus,-13.0519,-41.4835
Heterodactylus imbricatus,-19.2082,-43.4993
Heterodactylus imbricatus,-19.26,-43.55
Heterodactylus imbricatus,-19.26,-43.55
Heterodactylus imbricatus,-21.7933,-46.5356
Heterodactylus imbricatus,-21.7933,-46.5356
Heterodactylus imbricatus,-23.5667,-47.15
Heterodactylus imbricatus,-23.5667,-47.15
Hypsiboas albomarginatus,-8.2368,-35.0497
Hypsiboas albomarginatus,-7.5167,-35.3167
Hypsiboas albomarginatus,-8.9822,-35.8642
Hypsiboas albomarginatus,-8.3736,-36.025
Hypsiboas albomarginatus,-12.4738,-38.141
Hypsiboas albomarginatus,-12.9833,-38.5167
Hypsiboas albomarginatus,-12.1689,-39
Hypsiboas albomarginatus,-16.7997,-39.1533
Hypsiboas albomarginatus,-14.3634,-39.16
Hypsiboas albomarginatus,-13.7865,-39.4728
Hypsiboas albomarginatus,-15.132,-39.4974
Hypsiboas albomarginatus,-15.4445,-39.5192
Hypsiboas albomarginatus,-13.0374,-39.6342
Hypsiboas albomarginatus,-19.9482,-40.5307
Hypsiboas albomarginatus,-20.7967,-40.6361
Hypsiboas albomarginatus,-20.2888,-40.6901
Hypsiboas albomarginatus,-21.75,-41.3
Hypsiboas albomarginatus,-21.0471,-41.3265
Hypsiboas albomarginatus,-20.3167,-41.7167
Hypsiboas albomarginatus,-17.7451,-41.7225
Hypsiboas albomarginatus,-19.7056,-42.6133
Hypsiboas albomarginatus,-22.6121,-43.1132
Hypsiboas albomarginatus,-22.8775,-43.4331
Hypsiboas albomarginatus,-22.9294,-44.3263
Hypsiboas albomarginatus,-23.1546,-45.0459
Hypsiboas albomarginatus,-23.52,-46.3167
Hypsiboas albomarginatus,-23.8122,-46.5501
Hypsiboas albomarginatus,-23.9547,-47.024
Hypsiboas albomarginatus,-24.2997,-47.1489
Hypsiboas albomarginatus,-24.859,-47.716
Hypsiboas albomarginatus,-24.5336,-48.0795
Hypsiboas albomarginatus,-27.1731,-48.6163
Hypsiboas albomarginatus,-26.4333,-49.2333
Hypsiboas faber,-8.7132,-35.8448
Hypsiboas faber,-9.8096,-36.284
Hypsiboas faber,-10.6853,-37.4217
Hypsiboas faber,-16.5542,-39.1167
Hypsiboas faber,-12.9759,-39.38
Hypsiboas faber,-15.2353,-39.4179
Hypsiboas faber,-19.1506,-40.0716
Hypsiboas faber,-19.9482,-40.5307
Hypsiboas faber,-14.9032,-40.5787
Hypsiboas faber,-21.0471,-41.3265
Hypsiboas faber,-13.0519,-41.4835
Hypsiboas faber,-17.7434,-41.7245
Hypsiboas faber,-19.7056,-42.6133
Hypsiboas faber,-22.4017,-43.161
Hypsiboas faber,-20.3292,-43.3316
Hypsiboas faber,-19.9471,-44.199
Hypsiboas faber,-23.1546,-45.0459
Hypsiboas faber,-23.6508,-45.8933
Hypsiboas faber,-23.7865,-47.4378
Hypsiboas faber,-23.7513,-48.5749
Hypsiboas faber,-22.1698,-48.7869
Hypsiboas faber,-25.4334,-48.8748
Hypsiboas faber,-26.4333,-49.2333
Hypsiboas faber,-28.4918,-49.4583
Hypsiboas faber,-23.854,-49.784
Hypsiboas faber,-24.1343,-50.9476
Hypsiboas faber,-29.6143,-50.9806
Hypsiboas semilineatus,-16.535,-39.1242
Hypsiboas semilineatus,-15.2353,-39.4179
Hypsiboas semilineatus,-13.0374,-39.6342
Hypsiboas semilineatus,-13.9712,-39.6433
Hypsiboas semilineatus,-19.1517,-40.029
Hypsiboas semilineatus,-19.8768,-40.6325
Hypsiboas semilineatus,-20.9836,-41.6564
Hypsiboas semilineatus,-17.7451,-41.7225
Hypsiboas semilineatus,-22.2952,-41.9774
Hypsiboas semilineatus,-19.7056,-42.6133
Hypsiboas semilineatus,-20.3292,-43.3316
Hypsiboas semilineatus,-23.1546,-45.0459
Hypsiboas semilineatus,-23.7934,-45.9971
Hypsiboas semilineatus,-24.2997,-47.1489
Leposoma scincoides,-14.7833,-39.0333
Leposoma scincoides,-16.45,-39.0667
Leposoma scincoides,-16.5333,-39.1167
Leposoma scincoides,-14.3851,-39.135
Leposoma scincoides,-14.795,-39.1713
Leposoma scincoides,-14.7833,-39.2667
Leposoma scincoides,-15.1664,-39.3433
Leposoma scincoides,-15.44,-39.52
Leposoma scincoides,-16.1555,-39.525
Leposoma scincoides,-15.9508,-39.5339
Leposoma scincoides,-15.3866,-39.5436
Leposoma scincoides,-15.3865,-39.6535
Leposoma scincoides,-15.1926,-39.655
Leposoma scincoides,-19.6319,-39.8803
Leposoma scincoides,-19.15,-40.0667
Leposoma scincoides,-19.2766,-40.1513
Leposoma scincoides,-11.3833,-40.5167
Leposoma scincoides,-19.96,-40.52
Leposoma scincoides,-14.881,-40.5787
Leposoma scincoides,-16.346,-40.9695
Leposoma scincoides,-16.3333,-41.0117
Mabuya dorsivittata,-20.3936,-41.8006
Mabuya dorsivittata,-20.4585,-41.865
Mabuya dorsivittata,-19.2591,-43.5315
Mabuya dorsivittata,-19.2891,-43.5907
Mabuya dorsivittata,-22.7286,-44.3928
Mabuya dorsivittata,-23.0522,-44.9416
Mabuya dorsivittata,-23.6497,-46.6474
Mabuya dorsivittata,-23.449,-46.915
Mabuya dorsivittata,-23.6745,-46.9601
Mabuya dorsivittata,-23.438,-47.6064
Mabuya dorsivittata,-23.4039,-47.6284
Mabuya dorsivittata,-24.1883,-48.3583
Mabuya dorsivittata,-23.7513,-48.5749
Mabuya dorsivittata,-21.9096,-52.1727
Melanophryniscus,-25.6253,-48.6911
Melanophryniscus,-24.855,-48.7194
Melanophryniscus,-25.1303,-48.8208
Melanophryniscus,-25.2442,-48.8358
Melanophryniscus,-25.6119,-48.8586
Melanophryniscus,-26.7986,-48.9319
Melanophryniscus,-26.1644,-48.9897
Melanophryniscus,-26.0217,-48.9964
Melanophryniscus,-26.1467,-49.1786
Melanophryniscus,-25.2475,-50.0044
Phyllomedusa complex,-10.7578,-37.3153
Phyllomedusa complex,-14.7822,-39.0636
Phyllomedusa complex,-14.5931,-39.2844
Phyllomedusa complex,-15.4164,-39.5087
Phyllomedusa complex,-14.5734,-39.5395
Phyllomedusa complex,-19.3911,-40.0722
Phyllomedusa complex,-19.8203,-40.2733
Phyllomedusa complex,-13.4411,-40.4308
Phyllomedusa complex,-16.5909,-42.9024
Phyllomedusa complex,-23.2496,-46.9439
Phyllomedusa complex,-22.3472,-47.6755
Phyllomedusa complex,-23.8131,-47.7164
Phyllomedusa complex,-24.715,-47.8811
Phyllomedusa complex,-23.7975,-48.5928
Phyllomedusa complex,-25.8694,-48.6324
Phyllomedusa complex,-24.5328,-48.7003
Phyllomedusa complex,-25.4286,-48.7119
Phyllomedusa complex,-24.3586,-48.743
Phyllomedusa complex,-26.7222,-48.7657
Phyllomedusa complex,-26.2503,-49.3786
Phyllomedusa complex,-28.5156,-49.4575
Phyllomedusa complex,-22.5992,-50.3933
Phyllomedusa complex,-23.7275,-50.7411
Phyllomedusa complex,-24.2083,-50.9494
Phyllomedusa complex,-26.0784,-51.2583
Phyllomedusa complex,-27.4197,-51.7719
Phyllomedusa complex,-26.6314,-52.455
Phyllomedusa complex,-30.1606,-53.5653
Phyllomedusa complex,-31.5581,-53.6725
Phyllomedusa complex,-29.6842,-53.8069
Placosoma glabellum,-22.4331,-42.9831
Placosoma glabellum,-19.2244,-43.5284
Placosoma glabellum,-22.7286,-44.3928
Placosoma glabellum,-23.3667,-44.8333
Placosoma glabellum,-23.42,-45.3342
Placosoma glabellum,-23.8,-45.4167
Placosoma glabellum,-23.6333,-45.8667
Placosoma glabellum,-23.6833,-47.0333
Placosoma glabellum,-23.9272,-47.07
Placosoma glabellum,-24.7167,-47.55
Placosoma glabellum,-23.8167,-47.7
Placosoma glabellum,-24.65,-48.4022
Placosoma glabellum,-25.9,-48.5667
Placosoma glabellum,-24.5833,-48.5833
Proceratophrys boiei,-19.8768,-40.6325
Proceratophrys boiei,-20.645,-41.0027
Proceratophrys boiei,-20.4272,-41.4336
Proceratophrys boiei,-19.7575,-41.7495
Proceratophrys boiei,-20.4192,-41.8489
Proceratophrys boiei,-19.9986,-41.9872
Proceratophrys boiei,-20.7815,-42.0359
Proceratophrys boiei,-22.0348,-42.0359
Proceratophrys boiei,-19.7118,-42.102
Proceratophrys boiei,-21.0141,-42.2237
Proceratophrys boiei,-22.3194,-42.5013
Proceratophrys boiei,-22.5157,-42.7286
Proceratophrys boiei,-22.3135,-42.8734
Proceratophrys boiei,-20.7401,-42.8858
Proceratophrys boiei,-22.1239,-43.114
Proceratophrys boiei,-22.4017,-43.161
Proceratophrys boiei,-20.26,-43.26
Proceratophrys boiei,-21.6064,-43.2896
Proceratophrys boiei,-22.6314,-43.2999
Proceratophrys boiei,-19.8176,-43.3216
Proceratophrys boiei,-22.3657,-43.4052
Proceratophrys boiei,-20.0754,-43.4081
Proceratophrys boiei,-21.9856,-43.469
Proceratophrys boiei,-20.391,-43.6103
Proceratophrys boiei,-19.8678,-43.6372
Proceratophrys boiei,-19.4407,-43.7183
Proceratophrys boiei,-22.0409,-43.8788
Proceratophrys boiei,-19.9024,-43.9597
Proceratophrys boiei,-21.9467,-44.1248
Proceratophrys boiei,-21.1168,-44.1548
Proceratophrys boiei,-22.5062,-44.1882
Proceratophrys boiei,-19.9471,-44.199
Proceratophrys boiei,-22.2158,-44.483
Proceratophrys boiei,-22.4385,-44.5836
Proceratophrys boiei,-22.62,-44.82
Proceratophrys boiei,-21.2915,-44.8222
Proceratophrys boiei,-21.0779,-45.0657
Proceratophrys boiei,-23.11,-45.18
Proceratophrys boiei,-22.7928,-45.2322
Proceratophrys boiei,-22.0009,-45.3777
Proceratophrys boiei,-22.72,-45.63
Proceratophrys boiei,-23.3125,-45.6875
Proceratophrys boiei,-21.3893,-45.9665
Proceratophrys boiei,-22.48,-46.11
Proceratophrys boiei,-23.5681,-46.1872
Proceratophrys boiei,-23.0465,-46.3023
Proceratophrys boiei,-22.6319,-46.3045
Proceratophrys boiei,-23.1227,-46.5863
Proceratophrys boiei,-23.3667,-46.6
Proceratophrys boiei,-20.719,-46.622
Proceratophrys boiei,-23.006,-46.8137
Proceratophrys boiei,-23.6507,-46.8509
Proceratophrys boiei,-23.4116,-47.0118
Proceratophrys boiei,-22.8834,-47.0437
Proceratophrys boiei,-23.9375,-47.0625
Proceratophrys boiei,-23.6875,-47.4375
Proceratophrys boiei,-23.4039,-47.6289
Proceratophrys boiei,-23.856,-47.728
Proceratophrys boiei,-25.1333,-47.9667
Proceratophrys boiei,-24.33,-48.03
Proceratophrys boiei,-24.7757,-48.0531
Proceratophrys boiei,-24.0386,-48.2895
Proceratophrys boiei,-22.8624,-48.4679
Proceratophrys boiei,-24.5119,-48.5458
Proceratophrys boiei,-23.7513,-48.5749
Proceratophrys boiei,-25.5838,-48.5837
Proceratophrys boiei,-25.8172,-48.7687
Proceratophrys boiei,-24.2556,-48.7775
Proceratophrys boiei,-22.1698,-48.7869
Proceratophrys boiei,-26.2469,-48.9632
Proceratophrys boiei,-25.471,-49.0543
Proceratophrys boiei,-26.4387,-49.3275
Proceratophrys boiei,-28.3844,-49.455
Proceratophrys boiei,-27.0156,-49.5337
Proceratophrys renalis,-8.0167,-35.1833
Proceratophrys renalis,-7.6,-35.3667
Proceratophrys renalis,-8.7167,-35.8333
Proceratophrys renalis,-8.3667,-36.0167
Proceratophrys renalis,-8.2,-36.4
Proceratophrys renalis,-3.8833,-38.7167
Pyriglena complex,-11.624,-37.648
Pyriglena complex,-12.255,-37.971
Pyriglena complex,-12.448,-38.408
Pyriglena complex,-12.511,-38.461
Pyriglena complex,-13.023,-39.098
Pyriglena complex,-16.503,-39.283
Pyriglena complex,-16.745,-39.533
Pyriglena complex,-16.156,-39.872
Pyriglena complex,-16.045,-40.041
Pyriglena complex,-16.421,-40.069
Pyriglena complex,-19.009,-40.116
Pyriglena complex,-14.506,-40.349
Pyriglena complex,-12.663,-40.607
Pyriglena complex,-19.925,-40.613
Pyriglena complex,-16.206,-40.703
Pyriglena complex,-12.648,-40.939
Pyriglena complex,-16.434,-41.003
Pyriglena complex,-11.913,-41.215
Pyriglena complex,-12.433,-41.363
Pyriglena complex,-12.95,-41.539
Pyriglena complex,-22.034,-42.302
Pyriglena complex,-17.065,-42.502
Pyriglena complex,-22.057,-42.662
Pyriglena complex,-22.521,-43.01
Pyriglena complex,-19.96,-43.414
Pyriglena complex,-19.815,-43.678
Pyriglena complex,-20.435,-43.764
Pyriglena complex,-22.489,-44.726
Pyriglena complex,-21.217,-44.783
Pyriglena complex,-23.435,-45.07
Pyriglena complex,-20.264,-45.556
Pyriglena complex,-23.633,-45.867
Pyriglena complex,-23.985,-46.743
Pyriglena complex,-23.7,-46.983
Pyriglena complex,-23.932,-47.087
Pyriglena complex,-23.711,-47.419
Pyriglena complex,-20.683,-48.1
Pyriglena complex,-23.717,-48.567
Pyriglena complex,-24.587,-48.595
Pyriglena complex,-25.333,-49.131
Pyriglena complex,-23.967,-50.05
Pyriglena complex,-24.056,-50.693
Pyriglena complex,-22.699,-52.247
Pyriglena complex,-25.934,-54.478
Pyriglena complex,-27.25,-55.54
Pyriglena complex,-26.117,-55.733
Rhinella crucifer group,-7.8242,-34.9478
Rhinella crucifer group,-16.8002,-39.147
Rhinella crucifer group,-14.5867,-39.2897
Rhinella crucifer group,-14.3384,-39.3222
Rhinella crucifer group,-19.5507,-39.817
Rhinella crucifer group,-20.4186,-40.3277
Rhinella crucifer group,-19.9589,-40.54
Rhinella crucifer group,-20.4733,-41.01
Rhinella crucifer group,-20.4214,-41.8537
Rhinella crucifer group,-22.4491,-42.9866
Rhinella crucifer group,-22.7256,-43.7123
Rhinella crucifer group,-15.1225,-44.2417
Rhinella crucifer group,-23.044,-44.5945
Rhinella crucifer group,-23.3646,-44.8253
Rhinella crucifer group,-23.3449,-45.1216
Rhinella crucifer group,-22.25,-45.2333
Rhinella crucifer group,-23.6075,-45.4097
Rhinella crucifer group,-23.7021,-45.7274
Rhinella crucifer group,-23.8162,-46.2998
Rhinella crucifer group,-21.6774,-46.6036
Rhinella crucifer group,-23.9962,-46.7456
Rhinella crucifer group,-23.5955,-46.9357
Rhinella crucifer group,-23.2169,-46.9669
Rhinella crucifer group,-24.5661,-47.2263
Rhinella crucifer group,-23.775,-47.3277
Rhinella crucifer group,-22.4119,-47.5229
Rhinella crucifer group,-21.6295,-47.629
Rhinella crucifer group,-22.2367,-47.8314
Rhinella crucifer group,-24.2201,-48.4647
Rhinella crucifer group,-25.7856,-48.5408
Rhinella crucifer group,-27.0902,-48.6218
Rhinella crucifer group,-25.3107,-49.0101
Rhinella crucifer group,-27.6725,-49.0217
Rhinella crucifer group,-26.7443,-49.0273
Rhinella crucifer group,-22.2355,-49.0916
Rhinella crucifer group,-28.4704,-49.5175
Rhinella crucifer group,-29.0332,-50.0809
Rhinella crucifer group,-25.5717,-50.0989
Rhinella crucifer group,-30.0709,-51.0565
Rhinella crucifer group,-29.1416,-51.2625
Rhinella crucifer group,-27.3436,-51.6119
Rhinella crucifer group,-30.8511,-51.8122
Rhinella crucifer group,-28.2783,-52.1917
Rhinella crucifer group,-22.6057,-52.3013
Rhinella crucifer group,-27.0386,-52.4102
Rhinella crucifer group,-29.7939,-53.8431
Rhinella crucifer group,-27.0888,-54.952
Vitreorana eurygnatha,-15.4199,-39.5436
Vitreorana eurygnatha,-16.3491,-40.992
Vitreorana eurygnatha,-20.575,-41.8425
Vitreorana eurygnatha,-20.4808,-41.9823
Vitreorana eurygnatha,-19.3333,-43.6214
Vitreorana eurygnatha,-22.8864,-44.4779
Vitreorana eurygnatha,-22.4958,-44.5628
Vitreorana eurygnatha,-22.3728,-44.7319
Vitreorana eurygnatha,-22.7006,-45.4586
Vitreorana eurygnatha,-22.73,-45.59
Vitreorana eurygnatha,-23.7564,-45.8736
Vitreorana eurygnatha,-21.7933,-46.5356
Vitreorana eurygnatha,-21.9167,-46.5667
Vitreorana eurygnatha,-23.8667,-46.6333
Vitreorana eurygnatha,-23.8682,-47.025
Vitreorana eurygnatha,-28.3709,-53.2845
Vitreorana uranoscopa,-15.3803,-39.5501
Vitreorana uranoscopa,-20.5894,-41.7922
Vitreorana uranoscopa,-20.4086,-41.8431
Vitreorana uranoscopa,-22.773,-43.1571
Vitreorana uranoscopa,-22.6314,-43.2999
Vitreorana uranoscopa,-20.5314,-43.8589
Vitreorana uranoscopa,-20.0694,-43.8908
Vitreorana uranoscopa,-22.932,-44.0663
Vitreorana uranoscopa,-22.8861,-44.4775
Vitreorana uranoscopa,-22.4958,-44.5628
Vitreorana uranoscopa,-23.2217,-45.31
Vitreorana uranoscopa,-21.5656,-45.4117
Vitreorana uranoscopa,-22.6808,-45.4422
Vitreorana uranoscopa,-23.5869,-45.9351
Vitreorana uranoscopa,-23.7765,-46.3117
Vitreorana uranoscopa,-23.8667,-46.6333
Vitreorana uranoscopa,-23.6497,-46.6474
Vitreorana uranoscopa,-24.0907,-46.8348
Vitreorana uranoscopa,-23.8795,-46.9971
Vitreorana uranoscopa,-23.7167,-47.4086
Vitreorana uranoscopa,-25.1336,-47.9667
Vitreorana uranoscopa,-24.585,-48.5914
Vitreorana uranoscopa,-26.3119,-49.3831
Vitreorana uranoscopa,-28.4992,-49.5033
Vitreorana uranoscopa,-28.5628,-49.5364
Vitreorana uranoscopa,-23.9327,-49.7994
Vitreorana uranoscopa,-24.1581,-51.0874
Vitreorana uranoscopa,-27.3772,-51.2414
Vitreorana uranoscopa,-25.5131,-52.0222
Vitreorana uranoscopa,-26.8667,-52.4147
Vitreorana uranoscopa,-27.0689,-52.4489
Vitreorana uranoscopa,-26.5642,-52.5569
Xiphorhynchus fuscus,-8.9833,-35.8667
Xiphorhynchus fuscus,-4.2958,-38.9167
Xiphorhynchus fuscus,-4.2333,-38.9333
Xiphorhynchus fuscus,-19.05,-39.9167
Xiphorhynchus fuscus,-16.0833,-40.0333
Xiphorhynchus fuscus,-17.3667,-40.2833
Xiphorhynchus fuscus,-19.9333,-40.5667
Xiphorhynchus fuscus,-16.333,-41
Xiphorhynchus fuscus,-11.9,-41.2
Xiphorhynchus fuscus,-12.4167,-41.35
Xiphorhynchus fuscus,-20.8333,-42.0833
Xiphorhynchus fuscus,-22,-42.55
Xiphorhynchus fuscus,-19.9833,-43.8167
Xiphorhynchus fuscus,-22.6833,-44.3167
Xiphorhynchus fuscus,-22.4,-44.6333
Xiphorhynchus fuscus,-23.7,-46.9833
Xiphorhynchus fuscus,-23.5667,-47.15
Xiphorhynchus fuscus,-22.6333,-48.2167
Xiphorhynchus fuscus,-27.6833,-49.0333
Xiphorhynchus fuscus,-22.85,-49.7833
Xiphorhynchus fuscus,-22.5,-52.3
Xiphorhynchus fuscus,-27.366,-55.65
